Position, Company, Location, URL
한글과컴퓨터 2022년 신입/경력직 수시의 전체 세부 정보,한글과컴퓨터,성남 분당구,https://kr.indeed.com/rc/clk?jk=6039166822dfd1c1&fccid=3fcddebf1a696683&vjs=3
라인프렌즈 2022년 각 부문 수시의 전체 세부 정보,라인프렌즈,서울 용산구,https://kr.indeed.com/rc/clk?jk=1015284880e2ff62&fccid=b6f22bcb6078a2c4&vjs=3
백엔드 개발자(Python)의 전체 세부 정보,액스,서울 서초구,https://kr.indeed.com/rc/clk?jk=24d38e6721dfb0e4&fccid=5013eca338141e7d&vjs=3
딥러닝 기반 Computer Vision 개발자의 전체 세부 정보,에스케이텔레콤,서울 중구,https://kr.indeed.com/rc/clk?jk=4cf24d3dd5919469&fccid=ce2f0f28b40a5be8&vjs=3
Machine Learning Engineer의 전체 세부 정보,Bayview Technologies Inc.,서울,https://kr.indeed.com/company/Bayview-Technologies-Inc./jobs/Machine-Learning-Engineer-d817970725257c48?fccid=aec836a8d6f84175&vjs=3
[NAVER Z] 데이터 엔지니어의 전체 세부 정보,네이버제트,성남 분당구,https://kr.indeed.com/rc/clk?jk=889ce94eaaf84122&fccid=bc34e4450e078d19&vjs=3
디지털전략본부 경력직 공개(하반기)의 전체 세부 정보,신한금융투자,서울 영등포구,https://kr.indeed.com/rc/clk?jk=ad8aeb7f2e7a4858&fccid=06f9ee10aef2bdf9&vjs=3
2022년 메타버스 아카데미 1기 교육생 추가의 전체 세부 정보,한국전파진흥협회,성남 분당구,https://kr.indeed.com/rc/clk?jk=0110c83e312003be&fccid=4f2ea8d6d8ab34ba&vjs=3
[넥슨코리아] 클라우드 시스템 엔지니어의 전체 세부 정보,Nexon,경기도 성남,https://kr.indeed.com/rc/clk?jk=37f51a8d4e34cfce&fccid=aba87288e4cc3687&vjs=3
빅데이터 분야의 전체 세부 정보,LG유플러스,서울,https://kr.indeed.com/rc/clk?jk=67c19d7ac0857ecd&fccid=6c9206aa5a609175&vjs=3
Data/Digital Analyst의 전체 세부 정보,The Trade Desk,서울,https://kr.indeed.com/company/The-Trade-Desk-Japan-K.K.-(Japan)/jobs/Data-Digital-Analyst-659e8fe1fe7f9089?fccid=73918ffb65693970&vjs=3
[외국계상장사]데이터분석가(Data Analyst)의 전체 세부 정보,인코리아프로페셔널,서울,https://kr.indeed.com/company/%EC%9D%B8%EC%BD%94%EB%A6%AC%EC%95%84%ED%94%84%EB%A1%9C%ED%8E%98%EC%85%94%EB%84%90/jobs/-be6e40465e851e7d?fccid=842365965c1f45a0&vjs=3
Python 기반 빅데이터 처리 개발자의 전체 세부 정보,드림어스컴퍼니,서울 서초구,https://kr.indeed.com/rc/clk?jk=d364360d1e0368e3&fccid=d5dc18a57ad82f07&vjs=3
2022년 상반기 백엔드 개발자의 전체 세부 정보,반달소프트,성남 분당구,https://kr.indeed.com/rc/clk?jk=1601f1bfe3302af5&fccid=f35f7fc5e918087a&vjs=3
2022 하반기 DGB금융지주 전문직 요강의 전체 세부 정보,DGB금융지주,서울 중구,https://kr.indeed.com/rc/clk?jk=e0a4a749c585325e&fccid=85efc1291783faae&vjs=3
한국필립모리스 2022년 상반기 수시의 전체 세부 정보,한국필립모리스㈜,서울 영등포구,https://kr.indeed.com/rc/clk?jk=44e9ac7f0f94e784&fccid=fb7e65f74b012d18&vjs=3
Data Scientist의 전체 세부 정보,BOEING,서울,https://kr.indeed.com/rc/clk?jk=f544b8043a0cede5&fccid=edae4285faf6c2f0&vjs=3
자율 주행  로봇 SW 개발자의 전체 세부 정보,에바,성남 수정구,https://kr.indeed.com/rc/clk?jk=e30fe92d72ceb17c&fccid=5cc87f5890bd7170&vjs=3
Python 서버 어플리케이션 개발자의 전체 세부 정보,바인테크,서울 송파구,https://kr.indeed.com/rc/clk?jk=8a7c4886df34e482&fccid=aef44811e748bebe&vjs=3
[Cloud] 클라우드 엔지니어(보안)의 전체 세부 정보,한국카카오은행,성남 분당구,https://kr.indeed.com/rc/clk?jk=aa6f254ad2d9c8ed&fccid=aea6a13a3459fdb2&vjs=3
클라우드 엔지니어의 전체 세부 정보,SK플래닛 Tacademy,성남 분당구,https://kr.indeed.com/rc/clk?jk=77a79f333becb836&fccid=c29e5daceb008fd3&vjs=3
Software Engineer의 전체 세부 정보,Google,서울,https://kr.indeed.com/rc/clk?jk=0cb4a784529cb1b8&fccid=a5b4499d9e91a5c6&vjs=3
악성코드 및 엔드포인트 보안 엔지니어 모집의 전체 세부 정보,카카오,성남 판교역,https://kr.indeed.com/rc/clk?jk=0e26e1dda4b9970b&fccid=32b9af632cf3b9f9&vjs=3
서버 개발자 Python(Django) Developer (주니어)의 전체 세부 정보,아테나스랩,서울 마포구,https://kr.indeed.com/rc/clk?jk=9959129af3c5fd06&fccid=f7418ec5d47158aa&vjs=3
연구소 R&D 인프라 운영의 전체 세부 정보,안랩,성남 분당구,https://kr.indeed.com/rc/clk?jk=5fe21ceab5a3ce0b&fccid=0b88b2af6686dd2b&vjs=3
[도쿄일렉트론코리아] 2022년 상반기 2차 추가의 전체 세부 정보,도쿄일렉트론코리아,경기도 화성,https://kr.indeed.com/rc/clk?jk=595c29728f37c032&fccid=207384fb316de546&vjs=3
Database Engineer (DBA)의 전체 세부 정보,에스케이텔레콤,서울 중구,https://kr.indeed.com/rc/clk?jk=c06905fe61fc2dd6&fccid=ce2f0f28b40a5be8&vjs=3
한국행동과학연구소 각 부문 수시의 전체 세부 정보,한국행동과학연구소,서울 강남구,https://kr.indeed.com/rc/clk?jk=287a2f9783758916&fccid=bfea989faf5bd4e4&vjs=3
전문연구요원 (병역특례) 수시 (AI / HW 분야)의 전체 세부 정보,딥엑스,성남 분당구,https://kr.indeed.com/rc/clk?jk=78e99625e5de3c95&fccid=e34932b8232a173b&vjs=3
클라우드 소프트웨어 개발자의 전체 세부 정보,(주)사이람,경기도 성남,https://kr.indeed.com/rc/clk?cmp=%E3%88%9C%EC%82%AC%EC%9D%B4%EB%9E%8C&ti=%ED%81%B4%EB%9D%BC%EC%9A%B0%EB%93%9C+%EC%86%8C%ED%94%84%ED%8A%B8%EC%9B%A8%EC%96%B4+%EA%B0%9C%EB%B0%9C%EC%9E%90&jk=b5abb93aa30868f2&fccid=75fb33a9e808c21c&vjs=3
[글로벌AI]인공지능(AI) Engineer의 전체 세부 정보,인코리아프로페셔널,서울,https://kr.indeed.com/company/%EC%9D%B8%EC%BD%94%EB%A6%AC%EC%95%84%ED%94%84%EB%A1%9C%ED%8E%98%EC%85%94%EB%84%90/jobs/Engineer-38521115cdd8bd2e?fccid=842365965c1f45a0&vjs=3
[네이버계열사][NIT Service] 네이버 파이낸셜 플랫폼 운영의 전체 세부 정보,엔아이티서비스,성남 분당구,https://kr.indeed.com/rc/clk?jk=f77f9abb42c655b7&fccid=d389f1042b660837&vjs=3
[R&D] 딥러닝 엔지니어의 전체 세부 정보,한국카카오은행,성남 분당구,https://kr.indeed.com/rc/clk?jk=06fe2b4d14f3ad0d&fccid=aea6a13a3459fdb2&vjs=3
업계 최고 대우로 파이썬(Python) 개발자의 전체 세부 정보,쿼드마이너,서울 강남구,https://kr.indeed.com/rc/clk?jk=0859d920f19f3e06&fccid=4689e54333c19a95&vjs=3
[넥슨코리아] 클라우드 데이터베이스 엔지니어의 전체 세부 정보,Nexon,경기도 성남,https://kr.indeed.com/rc/clk?jk=bf5697c849191acc&fccid=aba87288e4cc3687&vjs=3
의료영상  인공지능 외 신입/경력 정규직  인턴의 전체 세부 정보,니어브레인,서울 강남구,https://kr.indeed.com/rc/clk?jk=637daa5067e55e6c&fccid=6cb2ddea6326744c&vjs=3
AI 영상처리 알고리즘 개발자의 전체 세부 정보,에스케이텔레콤,성남 분당구,https://kr.indeed.com/rc/clk?jk=51b4480aad895162&fccid=ce2f0f28b40a5be8&vjs=3
[포티투마루] 인공지능(AI) 개발자 전 부문의 전체 세부 정보,포티투마루,서울 서초구,https://kr.indeed.com/rc/clk?jk=22ffe020e40de675&fccid=b6cebf2e7d619f07&vjs=3
AI 분야의 전체 세부 정보,LG유플러스,서울,https://kr.indeed.com/rc/clk?jk=abdc136f65ceddd4&fccid=6c9206aa5a609175&vjs=3
AI 모빌리티 서비스의 미래 함께 열어갈 우수한 인재 찾습니다.의 전체 세부 정보,라온로드,성남 분당구,https://kr.indeed.com/rc/clk?jk=5133adebeb209d23&fccid=3f9a516642f6114a&vjs=3
제어 엔지니어 신입 (전문연구요원)의 전체 세부 정보,컨트롤웍스,서울 강남구,https://kr.indeed.com/rc/clk?jk=32e3a7174efe75a3&fccid=b9a4c1a753f43642&vjs=3
Kafka 담당자 영입의 전체 세부 정보,카카오페이,성남 분당구,https://kr.indeed.com/rc/clk?jk=97e9de2381da633d&fccid=c3aa6121be03065c&vjs=3
2022년 하반기 현대건설기계 경력사원 (건설기계 3社)의 전체 세부 정보,건설기계부문,성남 분당구,https://kr.indeed.com/rc/clk?jk=67ebbb84021efd24&fccid=fd0442c2b6694d2a&vjs=3
신입/경력사원의 전체 세부 정보,LG이노텍,서울 마곡역,https://kr.indeed.com/rc/clk?jk=fe369e62505e7be4&fccid=6ecf392a15407b3e&vjs=3
[쿠팡물류] Staff  Data scientist (FTS)의 전체 세부 정보,Coupang,서울,https://kr.indeed.com/rc/clk?jk=a2a775a9e48186f0&fccid=56e12959d04ef145&vjs=3
LG이노텍 AI/BigData 석박사 신입사원/산학장학생의 전체 세부 정보,LG이노텍,서울 강서구,https://kr.indeed.com/rc/clk?jk=a28cfcec0a3ee874&fccid=6ecf392a15407b3e&vjs=3
데이터 엔지니어/클라우드 엔지니어/데이터 플랫폼 개발분야 경력사원의 전체 세부 정보,LG전자,서울특별시,https://kr.indeed.com/rc/clk?jk=f870e8c6ab4babcf&fccid=9702ca14c9a11940&vjs=3
[빅데이터기획팀] 부동산 데이터관리의 전체 세부 정보,직방,서울 종로구,https://kr.indeed.com/rc/clk?jk=2e86bdd56a96f739&fccid=750d792cf813d448&vjs=3
(신입/인턴) 리서치 사회조사 연구원의 전체 세부 정보,리서치앤유,서울 성동구,https://kr.indeed.com/rc/clk?jk=a8a2e292ef8b0528&fccid=7c977224f6d09f7d&vjs=3
2022년 하반기 6개월 인턴 개발  품질테스트  유지관리의 전체 세부 정보,윈스,성남 분당구,https://kr.indeed.com/rc/clk?jk=22dd1d585de8bf7d&fccid=c526260f0ad562bf&vjs=3
[Data] 분석 데이터 엔지니어의 전체 세부 정보,한국카카오은행,성남 분당구,https://kr.indeed.com/rc/clk?jk=d467657b9fac7fc9&fccid=aea6a13a3459fdb2&vjs=3
웹 스크래핑 개발자 영입의 전체 세부 정보,카카오페이,성남 분당구,https://kr.indeed.com/rc/clk?jk=9599ecb61b39136a&fccid=c3aa6121be03065c&vjs=3
[진행중] 빅데이터사업부 전문직(데이터 사이언티스트) 채용공고의 전체 세부 정보,우리은행,서울 회현동,https://kr.indeed.com/rc/clk?jk=f10f40f07ee55b7d&fccid=bb52ef09d63c98fb&vjs=3
Python 기반 빅데이터분석가의 전체 세부 정보,이노포스트 관심기업,서울 방배동,https://kr.indeed.com/rc/clk?jk=9a9bd236f2d05ff3&fccid=fef732c91b3e25e1&vjs=3
전남 ICT이노베이션스퀘어 5기의 전체 세부 정보,한국정보기술서비스산업협회,서울,https://kr.indeed.com/rc/clk?jk=4ed6582dcb0007db&fccid=21e7cb4036a655e0&vjs=3
[기술본부] 데이터거버넌스 엔지니어의 전체 세부 정보,Nexon,경기도 성남,https://kr.indeed.com/rc/clk?jk=d37ee1c76b41a9aa&fccid=aba87288e4cc3687&vjs=3
인공지능(딥러닝) 로봇 자동화 소프트웨어 개발자(Python우대)의 전체 세부 정보,주식회사 토트 관심기업,서울 성수동1가,https://kr.indeed.com/rc/clk?jk=058e9510f9548e49&fccid=bc605d141ca9f67d&vjs=3
[kt ds] 2022년 각 부문별 경력사원 수시의 전체 세부 정보,케이티디에스,서울 서초구,https://kr.indeed.com/rc/clk?jk=b515669e8032265b&fccid=601de6e8c2eec868&vjs=3
Wi-Fi 소프트웨어 엔지니어 (신입/경력)의 전체 세부 정보,인피니언코리아,성남 분당구,https://kr.indeed.com/rc/clk?jk=acf2807bdb4705cb&fccid=50debe8434cd12fc&vjs=3
[리얼클래스]백엔드 개발자 (Backend Developer  Python)의 전체 세부 정보,퀄슨,서울 강남구,https://kr.indeed.com/rc/clk?jk=8d6a773105013ee1&fccid=868600ac897032bf&vjs=3
코딩에 빠진 수퍼 개발자 (펌웨어 개발)의 전체 세부 정보,에바,성남 수정구,https://kr.indeed.com/rc/clk?jk=f54bac6c78fd3240&fccid=5cc87f5890bd7170&vjs=3
센서 실험실 엔지니어 인턴십 (12개월)의 전체 세부 정보,인피니언코리아,서울 강남구,https://kr.indeed.com/rc/clk?jk=7b221453e5de306e&fccid=50debe8434cd12fc&vjs=3
AWS 클라우드엔지니어의 전체 세부 정보,스마트디아그노시스,서울 마포구,https://kr.indeed.com/rc/clk?jk=ccd1d43784d307da&fccid=f4795b9234b4c245&vjs=3
[글로벌디지털마케팅] 디지털 데이터 분석 및 운영 담당자 정규직의 전체 세부 정보,콘센트릭스서비스코리아,성남 분당구,https://kr.indeed.com/rc/clk?jk=6bf4082df7c99159&fccid=7789b87d5d996c4a&vjs=3
응용프로그램개발 인공지능(AI) 머신러닝 Python TensorFlow의 전체 세부 정보,(주)에이아이시스템즈 관심기업,서울 역삼동,https://kr.indeed.com/rc/clk?jk=eb926fc0cbbd16d1&fccid=d00257bfae22eecd&vjs=3
[11번가] 데이터 아키텍처 분야의 전체 세부 정보,십일번가,서울 중구,https://kr.indeed.com/rc/clk?jk=e2f85f15e72b148a&fccid=54911ff2dce6c429&vjs=3
Data Engineer 신입사원의 전체 세부 정보,플리토,서울 강남구,https://kr.indeed.com/rc/clk?jk=5ab0b45dfa93411b&fccid=01aed038bcce2a5f&vjs=3
Charging Operations Specialist  APAC Charging (English Speak...의 전체 세부 정보,Tesla,서울 강남구,https://kr.indeed.com/rc/clk?jk=a91e307a449bbf1f&fccid=86e9be6ce380173e&vjs=3
[데이터 프로덕트] MLOps 개발자의 전체 세부 정보,카카오,성남 판교역,https://kr.indeed.com/rc/clk?jk=ca5b2f6d10c6f5b2&fccid=32b9af632cf3b9f9&vjs=3
2022년 상반기 주식회사 쏘마 전 개발 직군 (백엔드  프론트엔드 외 신입/경력 정규직)의 전체 세부 정보,쏘마,성남 분당구,https://kr.indeed.com/rc/clk?jk=13ef6f86810c0843&fccid=a3463f311ce6421e&vjs=3
컴파일러 엔지니어(딥엑스)의 전체 세부 정보,딥엑스,성남 분당구,https://kr.indeed.com/rc/clk?jk=1b43aff116704c72&fccid=e34932b8232a173b&vjs=3
[Security] 보안 데이터 분석가의 전체 세부 정보,한국카카오은행,성남 분당구,https://kr.indeed.com/rc/clk?jk=e9007931b4a43a58&fccid=aea6a13a3459fdb2&vjs=3
Python 백엔드 개발의 전체 세부 정보,누벤트,서울 강남구,https://kr.indeed.com/rc/clk?jk=43b8170abbb59f88&fccid=b2cae73c5cf1386f&vjs=3
영상처리  컴퓨터 비전 전문가 (신입/경력)의 전체 세부 정보,에바,성남 수정구,https://kr.indeed.com/rc/clk?jk=2642a83874ea6bab&fccid=5cc87f5890bd7170&vjs=3
Software Engineer의 전체 세부 정보,구글코리아,서울 강남구,https://kr.indeed.com/rc/clk?jk=9a485175597a753c&fccid=28712efe9a7c8d8a&vjs=3
